<?xml version="1.0" encoding="UTF-8" ?>
<!DOCTYPE mapper
	PUBLIC "-//mybatis.org//DTD Mapper 3.0//EN"
	"http://mybatis.org/dtd/mybatis-3-mapper.dtd">

<!-- 장바구니 CRUD기능을 수행할 SQL문 -->

<mapper namespace="mapper.cart">
<!-- 리절트 맵 정의 -->	
	<!-- 장바구니 정보를 저장할 resultMap -->
	<resultMap id="cartResult" type="CartVO">
		<result property="cart_id" column="cart_id" />
		<result property="goods_id" column="goods_title" />
		<result property="member_id" column="member_id" />
		<result property="cart_goods_qty" column="cart_goods_qty" />
		<result property="creDate" column="creDate" />
	</resultMap>	
	
	<!-- 장바구니 페이지에 표시할 상품 정보를 저장할 resultMap -->
	<resultMap id="goodsResult" type="GoodsVO">
		<result property="goods_id" column="goods_id" />
		<result property="goods_title" column="goods_title" />
		<result property="goods_writer" column="goods_writer" />
		<result property="goods_price" column="goods_price" />
		<result property="goods_publisher" column="goods_publisher" />
		
		<result property="goods_status" column="goods_status" />
		<result property="goods_sales_price" column="goods_sales_price" />
		<result property="goods_published_date" column="goods_published_date" />
		<result property="goods_total_page" column="goods_total_page" />
		<result property="goods_isbn" column="goods_isbn" />
		<result property="goods_delivery_price" column="goods_delivery_price" />
		<result property="goods_delivery_date" column="goods_delivery_date" />
		
		<result property="goods_fileName" column="fileName" />
		<result property="goods_sort" column="goods_sort" />
		<result property="goods_writer_intro" column="goods_writer_intro" />
		<result property="goods_contents_order" column="goods_contents_order" />
		<result property="goods_intro" column="goods_intro" />
	</resultMap>
	
	<!-- 모든 장바구니 조회 -->
	<select id="selectCartList" resultMap="cartResult" parameterType="cartVO" >
	    <![CDATA[
		select * from t_shopping_cart 
		where member_id=#{member_id} 
		]]>
	</select>
	
	<!-- 장바구니 테이블에 등록된 상품 번호를 이용해 상품정보를 조회 -->
	<select id="selectGoodsList" resultMap="goodsResult"  parameterType="java.util.Map">
      <![CDATA[
          select g.*,d.fileName from t_shopping_goods g, t_goods_detail_image d
          where g.goods_id=d.goods_id
          and d.filetype='main_image'
           and g.goods_id in
      ]]>
      <foreach item="item"  collection="list" open="(" separator="," close=")" >
        #{item.goods_id}
      </foreach>
       order by g.goods_creDate desc
 </select>
	
	<!-- 장바구니 테이블에 추가하기 전에 그 상품번호가 장바구니에 담겨있는지 조회 -->
	<select id="selectCountInCart" resultType="String"   parameterType="cartVO"  >
	    <![CDATA[
		    select decode(count(*),0,'false','true') from t_shopping_cart	
			where goods_id=#{goods_id}
			  and member_id=#{member_id} 
    	]]>
	</select>
	<!-- cartVO에서 goods_id(상품번호)와 member_id(회원아이디)를 전달해 shopping_cart에서 레코드를 조회해서 
	(DECODE : count가 0이면 false, 그 외는 true를 반환) -->
	<!-- false일때 클릭한 상품을 shopping_cart테이블에 저장-->
	
	<!-- 상품을 추가 -->
	<insert id="insertGoodsInCart" parameterType="cartVO"  >
	    <![CDATA[
		    	insert into t_shopping_cart(cart_id, goods_id, member_id)
		        			values(#{cart_id}, #{goods_id}, #{member_id})
    	]]>
	</insert>
	
	<update id="updateCartGoodsQty" parameterType="cartVO"  >
	    <![CDATA[
			update t_shopping_cart
			       set cart_goods_qty=#{cart_goods_qty}
		 	       where member_id=#{member_id}
			        and goods_id=#{goods_id}
    	]]>
	</update>
	<delete id="deleteCartGoods" parameterType="int">
	    <![CDATA[
	      delete from t_shopping_cart
	      where cart_id=#{cart_id}
    	]]>
	</delete>
	<select id="selectMaxCartId" resultType="int" >
	    <![CDATA[
			select count(nvl(cart_id,0))+1 from t_shopping_cart
    	]]>
	</select>
	
</mapper>
